Year,Outlays_B,Inflows_B,Balance_B,Cumulative_B,UHAA_Payroll_B,HI_Payroll_B,Employer_MOE_B,Medicare_BD_B,Medicaid_MOE_B,Copays_B
2026,5089.4845,5782.92456,693.4400600000008,693.4400600000008,2617.1338,412.53126000000003,998.0595000000001,750.0,950.0,55.2
2027,5237.079550499999,6014.5761652,777.4966147000014,1470.9366747000022,2734.904821,431.0951667,1042.9721775,771.7499999999999,977.55,56.304
2028,5388.954857464499,6255.835692633999,866.8808351695006,2337.817509869503,2857.975537945,450.49444920149995,1089.9059254874999,794.1307499999998,1005.8989499999999,57.430080000000004
2029,5545.234548330969,6507.112071602529,961.8775232715598,3299.6950331410626,2986.5844371525245,470.7666994155674,1138.9516921344373,817.1605417499998,1035.0700195499999,58.5786816
2030,5706.0463502325665,6768.831958803843,1062.7856085712765,4362.480641712339,3120.980736824388,491.9512008892679,1190.2045182804868,840.8581974607497,1065.0870501169497,59.750255232
2031,5871.52169438931,7041.440516607971,1169.9188222186613,5532.399463931,3261.4248699814852,514.0890049292849,1243.7637216031087,865.2430851871113,1095.9745745703412,60.945260336640004
2032,6041.7958235266,7325.402225790795,1283.606402264195,6816.005866195195,3408.188989130652,537.2230101511027,1299.7330890752485,890.3351346575374,1127.757837232881,62.1641655433728
2033,6217.007902408871,7621.201734262549,1404.1938318536777,8220.199698048873,3561.557493641531,561.3980456079023,1358.2210780836347,916.1548535626059,1160.4628145126344,63.40744885424026
